Company,Website,Category,City,Alumni in the company?
Mumsnet,https://www.mumsnet.com/,Startup,London,yes
Street Bees,https://www.streetbees.com/,Startup,London ,yes
House of Kaizen,https://www.houseofkaizen.com/,Agency,London,yes
38 Degrees,https://home.38degrees.org.uk/,Startup,London ,yes
Unboxed,https://unboxed.co/,Startup,London,yes
Purr Digital,https://www.purrdigital.com/,Agent,London,yes
Mumsnet,https://www.mumsnet.com/,Startup,London,yes
Imby,https://www.imby.io/,Startup,London,yes
Mumsnet,https://www.mumsnet.com/,Startup,London,yes
Good Gym ,https://www.goodgym.org/,Startup,London,yes
Theodo,https://www.theodo.co.uk/,Agency,London,yes
Unboxed,https://unboxed.co/,Startup,London,yes
Street Bees,https://www.streetbees.com/,Startup,London ,yes
Caremeds LTD,http://www.caremeds.co.uk/,Startup,Cheltenham,yes
Onfido,https://onfido.com/,Startup,London,yes
We Chef,https://www.wechefapp.com/,Startup,London,yes
initforthe,https://initforthe.com/,Agency,Manchester,yes
River Island,https://eu.riverisland.com/,Startup,London ,yes
Jigsaw,https://www.jigsaw-online.com/,Startup,London,yes
Officina,http://www.officina.cc/homepage/,Startup,Rome ,yes
Vinterior,https://www.vinterior.co/,Startup,London,yes
b2w digital,https://ri.b2w.digital/,Startup,Sao Paulo,yes
Dopay,http://www.dopay.com/en,Startup,London,yes
Wink,http://wink.by/,Startup,Rome,yes
Ohpen,https://www.ohpen.com/,Startup,Amsterdam,yes
IBM,https://www.ibm.com/watson/,Startup,London ,yes
Shopmium,https://www.shopmium.com/uk,Startup,London ,yes
BCGDV,https://www.bcgdv.com/,Startup,London ,yes
Socialive.tv,https://www.socialive.tv/,Startup,London ,yes
Immoweb,https://www.immoweb.be/en/,Startup,Brussels ,yes
SalaryFinance,https://www.salaryfinance.com/,Startup,London ,yes
Cult Beauty ,https://www.cultbeauty.co.uk/,Startup,London ,yes
Carwow,https://www.carwow.co.uk/,Startup,London ,yes
Booking Bug,https://www.booking.com/,Startup,London ,no
Double Negative,https://www.dneg.com/,Startup,London ,yes
Resi,https://resi.co.uk/,Startup,London ,yes
LoopMe,https://loopme.com/,Startup,London ,yes
Skills Matter,https://skillsmatter.com/,Startup ,London ,yes
BCG,https://www.bcgdv.com/,Consulting ,London ,yes
dTools,http://www.adtools.com.br,Startup,Brazil,no
Aio,http://meuaio.com/,Startup,Brazil,no
AppProva,http://appprova.com.br,Startup,Brazil,no
Beautydate,http://beautydate.com.br/,Startup,Brazil,no
BIVA,https://biva.com.br,-,Brazil,no
Catarse,https://catarse.me/,Startup,Brazil,no
ChefsClub,http://www.chefsclub.com.br/,service,Brazil,no
Clapme,http://clapme.com.br/,service,Brazil,no
Codeminer42,http://www.codeminer42.com/,software house,Brazil,no
Creditas,https://www.creditas.com.br/,Service,Brazil,no
Eduk,http://eduk.com.br/,Startup,Brazil,no
Enjoei,http://www.enjoei.com.br/,Startup,Brazil,no
Estudar.com.vc,https://estudar.com.vc/,Startup,Brazil,no
Fight Analytics,http://fightanalytics.cc/),Startup,Brazil,no
Fulllab,https://www.fulllab.com.br/,Startup,Brazil,no
Geekhunter,http://geekhunter.com.br/,Startup,Brazil,no
GetNinjas,https://www.getninjas.com.br/,Startup,Brazil,no
Gympass,https://gympass.com,Service,São Paulo,no
Helabs,https://helabs.com/br,software house,Brazil,no
Indeva,https://indeva.com.br/,Startup,Brazil,no
Instacarro,http://instacarro.com.br/,Startup,Brazil,no
Iugu,https://iugu.com,Service,São Paulo,yes
Job for Model,https://jobformodel.com,Service,São Paulo,yes
KEEP LEARNING,https://www.keeplearning.school/,Startup,Brazil,no
Kikker,http://www.kikker.com.br/,Startup,Brazil,no
Lovemondays,http://www.lovemondays.com.br/,Startup,Brazil,no
Magnetis,www.magnetis.com.br/,Service,São Paulo,yes
Marmotex,http://marmotex.com.br/,Startup,Brazil,no
Mecasei,http://Mecasei.com,Startup,Brazil,no
MeSalva!,http://mesalva.com,Startup,Brazil,no
Monde,https://www.monde.com.br/,Startup,Brazil,no
Nexoos,https://www.nexoos.com.br/,Startup,Brazil,no
Nutrebem,http://nutrebem.com.br/,Startup,Brazil,no
Nutripad,http://nutripad.com.br,Startup,Brazil,no
Nuuvem,https://nuuvem.com/,Startup,Brazil,no
OfertaEsperta.com,http://www.ofertaesperta.com,Startup,Brazil,no
Pagar.me,http://www.pagar.me/,Startup,Brazil,no
PagPop,http://pagpop.com.br/,Startup,Brazil,no
Paper X,https://paperx.com.br,Startup,Brazil,no
Pipefy,https://www.pipefy.com/,Startup,Brazil,no
Plataformatec,http://plataformatec.com.br/, Software House,Brazil,no
Pluga,http://Pluga.co,Startup,Brazil,no
Pokerlab,https://pokerlab.com.br/,Startup,Brazil,no
Programathor,http://programathor.com.br/,Startup,Brazil,no
Qconcursos,https://www.qconcursos.com/,Startup,Brazil,no
Real Networking,http://www.realnetworking.co/,Startup,Brazil,no
Responde Ai,http://www.respondeai.com.br/,Startup,Brazil,no
Resultados Digitais,http://resultadosdigitais.com.br/,Startup,Brazil,no
Revelo,http://www.revelo.com.br,Service,São Paulo,yes
Rock Content,https://rockcontent.com,Service,Belo Horizonte,yes
Runrun.it,http://runrun.it/,Startup,Brazil,no
Santo Contrato,https://santocontrato.com.br/,Startup,Brazil,no
Simplificaa,https://www.simplificaa.com.br/,Startup,Brazil,no
Smart Process,https://www.smartprocess.com.br/,Startup,Brazil,no
Stant,http://www.stant.com.br/,Startup,Brazil,no
Startaê,https://startae.com/,Startup,Brazil,no
Testr,http://testr.com.br/,Startup,Brazil,no
Trakto,http://trakto.io/,Startup,Brazil,no
Truckpad,http://truckpad.com.br/,Startup,Brazil,no
Trustvox,http://www.trustvox.com.br/,Startup,Brazil,no
Umanni,http://umanni.com.br/,Startup,Brazil,no
Vandal,http://www.vandal.com.br/,Startup,Brazil,no
Vindi,http://ww.vindi.com.br/,Startup,Brazil,no
Wish A Storage,http://Wishastorage.com.br,Startup,Brazil,no
Wall Jobs,https://www.walljobs.com.br/, Service, São Paulo,no
Worldpackers,http://worldpackers.com/,Startup,Brazil,no
Xerpa,http://Xerpa.com.br,Startup,Brazil,no
Youse Seguros,https://www.youse.com.br, Service,São Paulo,yes
Yummmy,https://yummmy.com.br/,Startup,Brazil,no
Zeropaper,http://www.zeropaper.com.br/,Startup,Brazil,no
9troisquarts,http://www.9troisquarts.com/,agency,Roubaix,no
Abtion,https://abtion.com/,agency,Copenhagen,yes
Adomik,http://www.adomik.com/,product,Paris,no
af83,http://af83.com/,agency,Paris,Yes
Agorize,http://www.agorize.com/,product,Paris,yes
Aircall,https://aircall.io/,product,Paris,yes
Algolia,https://www.algolia.com/,product,Paris,yes
Alpine Lab,http://www.alpine-lab.com/,agency,Lyon,yes
Appaloosa Store,https://www.appaloosa-store.com/,product,Paris,yes
Applidium,http://applidium.com/,agency,Paris,yes
Augment,http://www.augment.com/,product,Paris,no
Autobutler,https://www.autobutler.dk/,product,Copenhagen,no
Plato,https://www.platohq.com/our_mentors.html,product,Paris,yes
Boaterfly,http://www.boaterfly.com/,product,Paris,no
Brand and Celebrities,http://www.brandandcelebrities.com,product,Paris,yes
Capsens,http://www.capsens.eu,product,Paris,yes
Captain Contrat,https://www.captaincontrat.com/,product,Paris,yes
Central du sport,https://www.lacentraledusport.fr,product,Saint-etienne,yes
Clic2Buy,http://www.clic2buy.com/,product,Lille,no
Colisweb,http://www.colisweb.com/,product,Lille,no
Deligreens,https://www.deligreens.com/,product,Lyon,yes
Dimelo,http://www.dimelo.com/,product,Lille,no
Dimelo,http://www.dimelo.com/,product,Paris,no
Dividom,https://www.dividom.com/,product,Lille,no
Doctolib,https://www.doctolib.fr/,product,Paris,yes
Donkey Republic,https://www.donkey.bike/,product,Copenhagen,no
Doumit,http://www.doum.it,agency,Lille,yes
Drivy,https://www.drivy.com/,product,Paris,yes
Effilab,http://www.effilab.com/,product,Boulogne-Billancourt,yes
Ekimetrics,https://www.ekimetrics.com/,product,Paris,no
Ekylibre,http://ekylibre.com/,product,Pessac,yes
En Voiture Simone,https://www.envoituresimone.com/,product,Paris,yes
Kactus,https://www.kactus.com/,product,Paris,yes
Faveod,http://www.faveod.com/,product,Paris,no
FidMarques,https://www.fidmarques.com/,product,Paris,no
Fidzup,http://www.fidzup.com/,product,Paris,yes
Fizzer,https://www.fizzer.fr/,product,Paris,yes
Frizbiz,https://www.frizbiz.com/,product,Lille,no
GoMore,https://www.gomore.dk,product,Copenhagen,no
Karnov Group,https://www.karnovgroup.dk/,product,Copenhagen,yes
Lifen,https://www.lifen.fr/,product,Paris,yes
Hospimedia,http://www.hospimedia.fr/,product,Lille,no
Hostnfly,http://hostnfly.com,product,Paris,yes
Ifeelgoods,https://www.ifeelgoods.com/,product,Paris,no
iMenlo,http://www.imenlo.com,agency,Paris,no
Impala Webstudio,http://www.impala-webstudio.fr/,agency,Lille,no
Inch,https://inch.fr/,product,Paris,no
Insiti ,https://insiti.com/,product,Paris,yes
Je Rêve d'une Maison,http://www.jerevedunemaison.com/,product,Paris,no
JobTeaser.com,http://www.jobteaser.com/fr,product,Paris,yes
Keycoopt,https://www.keycoopt.com/,product,Lille,no
KissKissBankBank,http://www.kisskissbankbank.com/,product,Paris,yes
A-Line,https://www.aline.work,product,Paris,yes
Le Wagon,http://www.lewagon.com/,bootcamp,Paris,yes
LeCollectionist,https://www.lecollectionist.com/,product,Paris,yes
Leikir web,http://web.leikir.io/,agency,Paris,yes
Libertrip,https://www.libertrip.com/,product,Lille,no
LiveMentor,https://www.livementor.com/,product,Paris,yes
Localers,https://www.localers.com/,product,Paris,no
Meal canteen,https://www.mealcanteen.fr/,product,Saint-etienne,yes
MediaTech Solutions,http://www.mediatech-solutions.com/,product,Paris,no
Neocamino,https://www.neocamino.com/,product,Lyon,yes
Nine Consult,https://nine.dk/,agency,Copenhagen,yes
Numa,https://numa.co/,incubator,Paris,no
Ochelys,http://www.ochelys.com/,agence,Lyon,no
OnePark,https://www.onepark.fr/,product,Paris,no
Ozact,http://www.ozact.net/,product,Paris,no
Pandacraft,https://www.pandacraft.fr/,product,Paris,no
PayCar,https://www.paycar.fr/,product,Paris,no
Per Angusta,http://www.per-angusta.com/,product,Lyon,no
Permigo,https://www.permigo.com/,product,Lyon,no
Prium Solutions,http://prium-solutions.com/,agency,Paris,yes
Shopmium,https://www.shopmium.com/,product,Paris,no
Silicon Salad,http://www.siliconsalad.com,agency,Lille,no
Skello,https://www.skello.io/,product,Paris,yes
Skilder,http://www.skilder.fr/,product,Lyon,no
Snapshift,https://snapshift.co/,product,Paris,no
SociAddict,http://www.sociaddict.com/,agency,Paris,no
Speaken,https://speaken.com/,product,Paris,no
Sqreen,https://www.sqreen.io/,product,Paris,no
Stuart,https://stuart.com/,product,Paris, no
Synbioz,https://www.synbioz.com/,agency,Lille Nantes Paris,no
talent.io,https://www.talent.io,product,Paris Berlin London,yes
Teezily,http://teezily.com/,product,Paris,no
Tilkee,http://www.tilkee.fr,product,Lyon,yes
Trainline,https://www.trainline.eu/,product,Paris,yes
Tymate,http://tymate.com/,agency,Lille,no
Vivino,https://www.vivino.com/,product,Copenhagen,no
Vodeclic,http://vodeclic.com/,product,Levallois,no
Klaxit,https://www.klaxit.com/,product,Paris,yes
Welcome to the Jungle,https://www.welcometothejungle.co/,product,Paris,yes
Wedressfair,https://www.wedressfair.fr/,product,Lyon,yes
Wizville,https://wizville.fr/fr/,product,Paris,no
Yespark,https://www.yespark.fr/,product,Paris,no
Youboox,https://www.youboox.fr/,product,Paris,no
Deko,https://www.dekopay.com/,product,London,yes
Fixter,https://www.fixter.co.uk/,product,UK-wide,yes
Alpha FX group,https://www.alphafx.co.uk/,agency,London,yes
Kota Creative,https://www.kotacreative.co.uk/,agency,London,yes
Kinder,https://www.kinder.com/uk/en/,product,Europe,yes
FastGardener,https://www.fastgardener.com/,product,London,yes
Skills Matter,https://skillsmatter.com/about-us,product,London,yes
Deviceful,http://deviceful.co.uk/,product,London,yes
Open House Media,https://openhousem.co.uk/,agency,Northampton,yes
Vinterior,https://www.vinterior.co/,product,London,yes
Zendesk,https://www.zendesk.com/,product,Copenhagen,no
Zetland,https://www.zetland.dk/,product,Copenhagen,no
Babbel,https://www.babbel.com/,Startup,Berlin,yes
Wunder,https://wunder.org,Startup,Hamburg,No
Nebenan.de,https://nebenan.de/,Startup,Berlin,No
SuitePad,http://www.suitepad.de/,Startup,Berlin,No
Trecker,https://www.trecker.com/,Startup,Berlin,No
POSpulse,http://www.pospulse.com/,Startup,Berlin,No
Modomoto,http://modomoto.com/,Startup,Berlin,No
Grover,https://getgrover.com/de,Startup,Berlin,No
Adjust,https://www.adjust.com/,Startup,Berlin,yes
Finleap,https://www.finleap.com,Company Builder,Berlin,No
Casper,https://casper.com,Startup,Berlin,No
Project A,https://www.project-a.com,Company Builder,Berlin,No
Marley Spoon,https://marleyspoon.de/,Startup,Berlin,No
AskCharlie,https://www.askcharlie.de/,Startup,Berlin,No
Conichi,https://www.conichi.com,Startup,Berlin,No
Insurgo,https://app.insurgo.io/,Startup,Berlin,No
Monoqi,https://monoqi.com,Startup,Berlin,No
Devolute,http://www.devolute.org/,Agency,Berlin,No
Blacklane,https://www.blacklane.com/en,Startup,Berlin,No
Playtestcloud,https://www.playtestcloud.com/,Startup,Potsdam,No
HelloCoach,http://www.hellocoach.de/,Startup,Berlin,No
Dentolo,https://www.dentolo.de/,Startup,Berlin,No
7Mind,https://7mind.de,Startup,Berlin,No
Dynport,http://www.dynport.de/,Agency,Hamburg,No
Eventinc,https://www.eventinc.de,Startup,Hamburg,No
Taledo,https://www.taledo.com,Startup,Berlin,No
Optimus Search,http://www.optimussearch.com/,Headhunter,Berlin,No
etventure,http://www.etventure.com/,Company Builder,Berlin,No
zinsbaustein,https://www.zinsbaustein.de,Startup,Berlin,No
Clark,https://www.clark.de,Startup,Frankfurt,No
Valendo,https://www.valendo.de/,Startup,Berlin,No
hub:raum,https://www.hubraum.com/locations/berlin,Accelerator,Berlin,No
iversity,https://iversity.org/,Startup,Berlin,No
honeypot.io,http://honeypot.io/,Headhunter,Berlin,yes
HitFox,http://www.hitfoxgroup.com/,Company Builder,Berlin,No
Drooms,https://www.drooms.com/,Startup,Frankfurt,No
Albus White,https://albuswhite.com/,Startup,Berlin,No
conichiwa,https://conichiwa.com/,Agency,Berlin,No
Blinkist,https://www.blinkist.com/,Startup,Berlin,No
edespiekermann,https://www.edenspiekermann.com/,Agency,Berlin,No
ad2games,https://www.ad2games.com/,Startup,Berlin,No
sofatutor,https://www.sofatutor.com/,Startup,Berlin,No
onrooby,https://onrooby.com/,Agency,Berlin,No
Homeday,https://www.homeday.de/,Startup,Berlin,No
Homify,http://www.homify.com/,Startup,Berlin,No
fromatob,https://www.fromatob.com/,Startup,Berlin,No
GoEuro,https://www.goeuro.com/,Startup,Berlin,No
Sensorberg,https://www.sensorberg.com/,Startup,Berlin,No
Better Payment,http://www.betterpayment.de/,Startup,Berlin,No
elopay,http://elopaygroup.com/,Startup,Berlin,No
decimo,https://www.decimo.de/,Startup,Berlin,No
asana rebel,https://asanarebel.com/,Startup,Berlin,No
Zalando,https://www.zalando.de/,Corporate,Berlin,No
avarteq,https://www.avarteq.de/,Agency,Berlin,No
BCG DV,http://www.bcgdv.com/,Consulting,Berlin,yes
FinReach,http://www.finreach.de/,Startup,Berlin,No
pinuts,https://www.pinuts.de/,Agency,Berlin,No
crealytics,https://crealytics.com,Startup,Berlin,No
jovoto,https://www.jovoto.com/,Startup,Berlin,No
Funding Circle,https://www.fundingcircle.com,Startup,Berlin,No
Sopra Steria,https://www.soprasteria.com/en,Consulting,Berlin,No
Rocket Internet,https://www.rocket-internet.com/,Company Builder,Berlin,No
Movinga,https://www.movinga.com/,Startup,Berlin,yes
Fairmondo,https://www.fairmondo.de,Startup,Berlin,No
Applift,http://www.applift.com/,Startup,Berlin,No
Savedo,https://www.savedo.de/,Startup,Berlin,No
Valsight,https://www.valsight.com/en/,Startup,Berlin,No
Onefootball,https://www.onefootball.com/,Startup,Berlin,No
Kupferwerk,https://www.kupferwerk.com/,Agency,Berlin,No
Advertile Mobile,http://www.advertilemobile.com/,Startup,Berlin,No
Betreut.de,https://www.betreut.de/,Startup,Berlin,No
ZenMate,https://zenmate.com/,Startup,Berlin,No
webcrowd,http://webcrowd.net/,Headhunter,Berlin,No
Rheingau Founders,http://www.rheingau-founders.com/,Company Builder,Berlin,No
Advanon,https://www.advanon.de,Startup,Berlin,No
Liqid,https://www.liqid.de/de,Startup,Berlin,No
Bitbond,https://www.bitbond.com/,Startup,Berlin,No
test.io,https://test.io/,Startup,Berlin,No
Vehiculum,https://www.vehiculum.de/,Startup,Berlin,No
Feingold Technologies,http://www.feingoldtech.net/,Startup,Berlin,No
Remerge,https://www.remerge.io/,Startup,Berlin,No
Pixformance,https://en.pixformance.com/index.html,Startup,Berlin,No
Volders,https://www.volders.de/,Startup,Berlin,No
LiquidM,http://www.liquidm.com/,Startup,Berlin,No
Twyla,https://www.twylahelps.com/,Startup,Berlin,No
perspective,http://www.perspective.co/,Agency,Berlin,No
Dojo Madness,http://dojomadness.com/,Startup,Berlin,No
Cringle,https://cringle.net/,Startup,Berlin,No
Caspar,https://caspar-health.com/,Startup,Berlin,No
eventbaxx,https://www.eventbaxx.com/,Startup,Berlin,No
gigmit,https://www.gigmit.com/en/,Startup,Berlin,No
Soundcloud,https://soundcloud.com,Startup,Berlin,No
Skillhero,http://www.skillhero.com/,Startup,Berlin,No
Buspaket,http://www.buspaket.de/,Corporate,Berlin,No
Pace,https://www.pace.car/de,Startup,Berlin,No
XapiX,https://www.xapix.io/,Startup,Berlin,No
ViaEurope,http://www.viaeurope.nl/,Startup,Berlin,No
Slidesync,https://slidesync.com/,Startup,Berlin,No
Distribusion,http://distribusion.com/,Startup,Berlin,No
DaWanda,https://de.dawanda.com/,Corporate,Berlin,No
deluxe,https://www.bydeluxe.com/en/,Corporate,Berlin,No
Bezahlt,https://www.bezahlt.de/,Startup,Berlin,No
xbAV,https://www.xbav.de/,Corporate,Berlin,No
ucm.agency,https://ucm.agency/de/,Corporate,Berlin,No
car2go,https://www.car2go.com,Corporate,Berlin,yes
clarat,https://www.clarat.org/,Startup,Berlin,No
mobileJob,http://www.mobilejob.com/,Startup,Berlin,No
trommsdorff + dr√ºner,http://www.td-berlin.com/,Agency,Berlin,No
Jonny Fresh,https://www.jonnyfresh.com/,Startup,Berlin,No
we.conect,http://we-conect.com/,Startup,Berlin,No
SinnerSchrader,https://sinnerschrader.com/,Agency,Hamburg,No
TalentFrogs,http://www.talentfrogs.de/,Headhunter,Cologne,No
Campusjäger,https://www.campusjaeger.de/,Startup,Karlsruhe,No
MyBellance,http://www.mybellance.com/,Startup,Berlin,No
Ubilabs,https://www.ubilabs.net/,Agency,Hamburg,No
Akra,https://www.akra.de/,Agency,Hamburg,No
SI Labs,http://www.si-labs.com/,Agency,Berlin,No
betterplace,https://www.betterplace.org/de,Startup,Berlin,No
piqd,https://www.piqd.de,Startup,Munich,No
Compeon,https://www.compeon.de/,Startup,D√ºsseldorf,No
Hanse Ventures,http://hanseventures.com/en/,Company Builder,Hamburg,No
CHI,http://www.chi-deutschland.com/,Corporate,Frankfurt,No
evopark,https://www.evopark.de/,Startup,Cologne,No
Jura Online,https://jura-online.de/,Startup,Berlin,No
Medlinq,https://www.medlinq.com/,Startup,Hamburg,No
Toptranslation,https://www.toptranslation.com/,Startup,Hamburg,No
Gohiring,http://www.gohiring.com/,Startup,Berlin,No
tolingo,https://www.tolingo.com/en/,Startup,Hamburg,No
Liefery,https://www.liefery.com/#/,Startup,Berlin,No
Hello Neu,http://helloneu.de/,Agency,Munich,No
PAIRFinance,https://www.pairfinance.com/,Startup,Berlin,No
Floot,http://www.floot.de/,Agency,Hamburg,No
DeutschlandStellen24,http://www.deutschlandstellen24.de/,Startup,Berlin,No
Fash Back,https://www.fashback.de/,Startup,Hamburg,No
passion.io,https://passion.io/,Startup,Berlin,No
SpaceNet,https://www.space.net/,Agency,Munich,No
Njiuko,https://www.njiuko.com/,Agency,Hamburg,No
Paywithatweet,http://www.paywithatweet.com/,Startup,Hamburg,No
Offerista,https://www.offerista.com,Startup,Berlin,No
99chairs,https://www.99chairs.com/,Startup,Berlin,No
i22,https://www.i22.de/,Agency,Bonn,No
Xing,https://www.xing.com,Corporate,Hamburg,No
Tabit,http://tabit-gmbh.de/,Agency,Munich,No
Pro7Sat1,http://www.prosiebensat1.com/,Corporate,Munich,No
Moovel,https://www.moovel.com/de/en,Startup,Stuttgart,No
Goodpatch,http://goodpatch.com/,Agency,Berlin,No
Solarisbank,https://www.solarisbank.de/,Startup,Berlin,No
ikusei,https://www.ikusei.de/,Agency,Berlin,No
Tourlane,https://www.tourlane.de/,Startup,Berlin,No
bitspire,https://bitspire.de,Agency,Berlin,No
Volders,https://www.volders.de/,Startup,Berlin,No
Sumup,https://sumup.de/,Startup,Berlin,No
Zimpler,https://www.zimpler.com/,Startup,Berlin,No
Caissa Global,https://www.caissa-global.com/,Headhunter,Berlin,No
Keplar Agency,https://keplaragency.com/jobs,Product,Amsterdam,No
Feedback Fruits,https://angel.co/feedbackfruits/jobs/143838-rails-and-ember-web-developer,Product,Amsterdam,No
CataWiki,https://www.catawiki.nl/jobs/all#filter-location:netherlands/filter-division:development,Product,Amsterdam,No
Noxa,http://www.noxa.nl/vacatures/junior-ruby-rails-developer/,Product,Amsterdam,No
Ligo,https://www.ligo.nl/werken_bij_ligo,Product,Amsterdam,Yes
Study Tube,https://studytube.recruitee.com/,Product,Amsterdam,No
The main ingredient,https://themainingredient.co/,Product,Amsterdam,Yes
The next closet,https://thenextcloset.com,Product,Amsterdam,Yes
Tiqets,https://www.tiqets.com/nl/jobs,Product,Amsterdam,Yes
Traintool,https://www.traintool.com/nl/over-ons,Product,Amsterdam,No
Drive U Go,http://www.driveugo.com/,Product,Amsterdam,No
Undeveloped,https://undeveloped.com/nl-nl,Product,Amsterdam,No
Zilverline,https://www.zilverline.com/vacatures,Product,Amsterdam,No
Alive Shoes,https://www.aliveshoes.com/careers,Product,Amsterdam,No
Fronteers,https://fronteers.nl/vacaturebank,Product,Amsterdam,No
Springest,https://www.springest.nl/,Product,Amsterdam,Yes
Kabisa,https://www.kabisa.nl/,Product,Amsterdam,No
Ad Combi,https://www.adcombi.com/careers/#toggle-id-5,Product,Amsterdam,No
Brightin,http://www.brightin.nl/,Product,Amsterdam,No
De Monsters,https://demonsters.nl/,Product,Amsterdam,No
Optimizely,https://www.optimizely.com/,Product,Amsterdam,No
216,https://www.216.nl/,Product,Amsterdam,No
Websend,http://www.websend.nl/,Product,Amsterdam,No
I Am Pop,https://www.iampop.in/,Product,Amsterdam,No
We Transfer ,https://wetransfer.com/about,Product,Amsterdam,No
Smart Spotter,http://www.smartspotter.com/,Product,Amsterdam,No
Jaamo,http://jaamo.nl/werken-bij,Product,Amsterdam,No
Noxa,http://www.noxa.nl/,Product,Amsterdam,No
Inspire,https://www.inspire.nl/,Product,Amsterdam,No
CataWiki,https://www.catawiki.nl,Product,Amsterdam,No
Proctor Exam,https://www.proctorexam.com/,Product,Amsterdam,Yes
Creative Group,https://www.cg.nl/,Product,Amsterdam,No
GRESP,https://gresb.com/,Product,Amsterdam,No
Brickyard,https://www.brickyard.eu/nl/,Product,Amsterdam,No
Zoo Station,http://www.zoostation.nl/,Product,Amsterdam,No
Inter Quest Group,https://www.interquestgroup.com/,Product,Amsterdam,No
Switch Jobs,https://www.switchjobs.nl,Product,Amsterdam,No
Digital Source,https://www.digitalsource.io/,Product,Amsterdam,No
Steam,https://www.steam.nl/,Product,Amsterdam,No
CENZO,https://centraalnetwerkzorg.nl/,Product,Amsterdam,No
Sping,https://sping.nl,Product,Amsterdam,No
Digidentity,https://www.digidentity.eu/nl/home/,Product,Amsterdam,No
Fabriquartz,http://fabriquartz.com/,Product,Amsterdam,No
Left Click,https://leftclick.eu/,Product,Amsterdam,No
RoveCom,http://www.rovecom.nl/en/,Product,Amsterdam,No
Moop Mobility,https://www.moopmobility.nl/,Product,Amsterdam,No
Smart Trackerse,https://www.smarttrackers.nl/,Product,Amsterdam,No
Savvii,https://www.savvii.nl/vacatures,Product,Amsterdam,No
BeeQuip,https://www.beequip.nl,Product,Amsterdam,No
Jewel Labs,http://jewellabs.nl/jobs/,Product,Amsterdam,No
Tolq,https://www.tolq.com,Product,Amsterdam,No
Hacker One,https://www.hackerone.com/careers,Product,Amsterdam,No
Ivaldi,https://ivaldi.nl/,Product,Amsterdam,No
Ace and Tate,https://jobs.aceandtate.com/,Product,Amsterdam,Yes
Money Bird,https://moneybird.homerun.co/,Product,Amsterdam,No
StudyTube,https://studytube.recruitee.com/,Product,Amsterdam,Yes
Fuga,http://fuga.com/jobs,Product,Amsterdam,No
Ligo,https://www.ligo.nl/,Product,Amsterdam,Yes
Impraise,http://jobs.impraise.com/,Product,Amsterdam,No
Hepsul,http://www.hespul.org/,Product,Lyon, No
Adebeo,https://www.adebeo.com/,Product,Lyon,No
PepiteLab,https://www.pepitelab.fr/,Product,Lyon,No
StudioHB,http://www.studio-hb.com/,Agency,Lyon,No
In-Tact,http://www.in-tact.fr/,Agency,Lyon,No
Pyx4,https://www.pyx4.com/,Product,Lyon,No
Qualistream,https://www.qualistream.com/,Product,Lyon,No
mycommunIT,https://www.mycommunit.com,Product,Paris,No
Fiverr,https://www.fiverr.com,Startup,Israel,No
Baligam,http://baligam.co.il,Startup,Israel,No
WeWork,https://wework.com,Company,Israel,No
Gett,https://gett.com/il/,Startup,Israel,No
Applicaster,https://www.applicaster.com,Startup,Israel,No
Monday.com,https://monday.com,Startup,Israel,No
SimilarWeb,https://similarweb.com,Startup,Israel,No
Simplee,https://simplee.com,Startup,Israel,No
Riskified,https://riskified.com,Startup,Israel,No
Perion,https://perion.com,Company,Israel,No
Cloudinary,https://cloudinary.com,Startup,Israel,No
Symantec,https://symantec.com,Startup,Israel,No
Dynamic Yield,http://dynamicyield.com,Startup,Israel,No
IronSource,https://ironsource.com,Startup,Israel,No
Gartner,https://gartner.com,Company,Israel,No
Deeplink,https://deeplink.com,Startup,Israel,No
Belive.tv,https://belive.tv,Startup,Israel,No
500tech,http://500Tech.com,Agency,Israel,No
Astrails,https://astrails.com/,Agency,Israel,No
Avidov,http://avidov.com/,Agency,Israel,No
BioData,https://www.labguru.com/,Startup,Israel,No
Tikalk,https://www.tikalk.com/,Agency,Israel,No
Conduit,http://www.conduit.com/,Startup,Israel,No
Funtomic,http://funtomic.com/,Startup,Israel,No
Honeybook,https://www.honeybook.com/,Startup,Israel,No
Real,http://www.joinreal.com/,Startup,Israel,No
Roomer,https://www.roomertravel.com/,Startup,Israel,No
Roundforest,https://www.roundforest.com/,Startup,Israel,No
Seeking Alpha,https://seekingalpha.com/,Startup,Israel,No
Yotpo,http://yotpo.com,Startup,Israel,No
Altoros,https://www.altoros.com/,Company,Cordoba,No
Hexacta,https://www.hexacta.com/,Company,Buenos Aires,No
Wolox,https://www.wolox.com.ar/,Company,Buenos Aires,No
Unitech,http://unitech.com.ar/,Company,Buenos Aires,No
Amalgama,https://theamalgama.com/index,Company,Buenos Aires,No
SoftVision,https://www.softvision.com/,Company,Buenos Aires,No
Red Mint,http://redmintlabs.com/,Company,Buenos Aires,No
Ombu Labs,https://www.ombulabs.com/,Company,Buenos Aires,No
Chronogolf, https://www.chronogolf.ca, Product, Montréal, No
Lexop, https://lexop.com/, Company, Montréal, No
PetalMD, https://www.petalmd.com, Company, Quebec, No
SEMi Medical Solutions, http://www.semiweb.ca, Company, Montréal, No
Grenadine, https://events.grenadine.co/, Startup, Montréal, No
Autodesk Shotgun, https://www.shotgunsoftware.com, Product, Montréal, No
Quoi faire à Québec, https://www.quoifaireaquebec.com/, Company, Quebec, No
Fungo, https://www.fungo.ca, Agency, Quebec, No
Libro, https://www.libroreserve.com/, Startup, Quebec, No
JYGA Technologies inc., http://jygatech.com/, Company, Chaudière-Appalaches, No
OpenFleet, https://www.openfleet.com/, Startup, Montréal, No
POTLOC, https://potloc.com, Startup, Montréal, No
BallistiQ, https://ballistiq.com, Agency, Montréal, No
Surmesur, https://www.surmesur.com, Company, Quebec, Yes
mtrip, https://www.mtrip.com, Company, Montréal, No
Spiria Montréal, https://www.spiria.com, Company, Montréal, No
Spiria Gatineau, https://www.spiria.com, Company, Outaouais, No
Acquisio, https://www.acquisio.com, Company, Montérégie, No
Glossier, https://glossier.com, Company, Montréal, No
PYX4, https://www.pyx4.com/, Company, Montréal, No
Immo Square, http://immosquare.com, Company, Montréal, No
Decathlon Canada, https://www.decathlon.ca, Company, Montréal, Yes
Missive, https://missiveapp.com, Product, Quebec, No
La Web Shop, https://www.lawebshop.ca, Agency, Saguenay–Lac-Saint-Jean, No
Intello Technologies, https://www.intello.com/, Company, Montérégie, No
AdGear, https://adgear.com, Product, Montréal, No
O2 Web Montréal, https://o2web.ca, Agency, Montréal, No
O2 Web Québec, https://o2web.ca, Agency, Quebec, No
Dreeven, https://dreeven.com, Company, Montérégie, Yes
Dynamo, http://godynamo.com, Agency, Montréal, No
Didacte, https://www.didacte.com/, Product, Montréal, No
Metrics Watch, https://metricswatch.com, Product, Saguenay–Lac-Saint-Jean, No
Bus.com, https://bus.com, Startup, Montréal, No
Shopify Montréal, https://www.shopify.com/careers/locations, Company, Montréal, No
La Capitale, https://www.lacapitale.com, Company, Quebec, No
Metrio, http://metrio.net/, Company, Montréal, No
iXmédia, https://www.ixmedia.com, Agency, Quebec, No
Cortex, https://cortexstudio.com, Agency, Quebec, No
De Marque, https://www.demarque.com/, Agency, Quebec, No
