Company,City,Type,Language,URL
Algolia,Paris,Back-end dev,EN,https://gist.github.com/alexandremeunier/abf8a438e9bc50c422108689d8f54550
Doctolib,Paris,Fullstack,EN,https://gist.github.com/VanNayer/52e800ba7bfc402986f2
Doctolib,Paris,Fullstack,EN,https://doctolib.github.io/job-applications/
Drivy,Paris,Back-end dev,EN,https://github.com/drivy/jobs/tree/master/backend
Kisskissbankbank,Paris,Back-end,EN,https://github.com/emilybache/GildedRose-Refactoring-Kata
Trainline,Paris,Back-end,EN,https://github.com/trainline-eu/stations
Aircall,Paris,Front-end,EN,https://github.com/aircall/frontend-test-react
Aircall, Paris,Back-end,EN,https://github.com/aircall/backend-test-5
Lifen, Paris, Back-end,FR,https://github.com/honestica/ruby-jobs
HostnFly, Paris, Back-end, EN,https://github.com/hostnfly/jobs
Efounders, Paris, Back-end, EN,https://efounders.slite.com/public/share/note/NdyZ4UmjRDoqiE9sUVUGau
The Chronogolf Challenge, Montr√©al, Back-End, EN, https://github.com/chronogolf/jobs/tree/master/backend
Scalia,Paris,Fullstack,EN,https://gist.github.com/MatthiasRMS/363f197d7ff8c2ae57a75322403dc0f2
Study Advisor,Paris,Fullstack,FR,https://github.com/martinchenu/rails-test
Getaround,Paris,Fullstack,EN,https://github.com/drivy/jobs/tree/master/backend
